customer_id,name,email,phone_number
1,Customer_1,customer1@example.com,123-456-7800
2,Customer_2,customer2@example.com,123-456-7801
3,Customer_3,customer3@example.com,123-456-7802
4,Customer_4,customer4@example.com,123-456-7803
5,Customer_5,customer5@example.com,123-456-7804
6,Customer_6,customer6@example.com,123-456-7805
7,Customer_7,customer7@example.com,123-456-7806
8,Customer_8,customer8@example.com,123-456-7807
9,Customer_9,customer9@example.com,123-456-7808
10,Customer_10,customer10@example.com,123-456-7809
11,Customer_11,customer11@example.com,123-456-7810
12,Customer_12,customer12@example.com,123-456-7811
13,Customer_13,customer13@example.com,123-456-7812
14,Customer_14,customer14@example.com,123-456-7813
15,Customer_15,customer15@example.com,123-456-7814
16,Customer_16,customer16@example.com,123-456-7815
17,Customer_17,customer17@example.com,123-456-7816
18,Customer_18,customer18@example.com,123-456-7817
19,Customer_19,customer19@example.com,123-456-7818
20,Customer_20,customer20@example.com,123-456-7819
21,Customer_21,customer21@example.com,123-456-7820
22,Customer_22,customer22@example.com,123-456-7821
23,Customer_23,customer23@example.com,123-456-7822
24,Customer_24,customer24@example.com,123-456-7823
25,Customer_25,customer25@example.com,123-456-7824
26,Customer_26,customer26@example.com,123-456-7825
27,Customer_27,customer27@example.com,123-456-7826
28,Customer_28,customer28@example.com,123-456-7827
29,Customer_29,customer29@example.com,123-456-7828
30,Customer_30,customer30@example.com,123-456-7829
31,Customer_31,customer31@example.com,123-456-7830
32,Customer_32,customer32@example.com,123-456-7831
33,Customer_33,customer33@example.com,123-456-7832
34,Customer_34,customer34@example.com,123-456-7833
35,Customer_35,customer35@example.com,123-456-7834
36,Customer_36,customer36@example.com,123-456-7835
37,Customer_37,customer37@example.com,123-456-7836
38,Customer_38,customer38@example.com,123-456-7837
39,Customer_39,customer39@example.com,123-456-7838
40,Customer_40,customer40@example.com,123-456-7839
41,Customer_41,customer41@example.com,123-456-7840
42,Customer_42,customer42@example.com,123-456-7841
43,Customer_43,customer43@example.com,123-456-7842
44,Customer_44,customer44@example.com,123-456-7843
45,Customer_45,customer45@example.com,123-456-7844
46,Customer_46,customer46@example.com,123-456-7845
47,Customer_47,customer47@example.com,123-456-7846
48,Customer_48,customer48@example.com,123-456-7847
49,Customer_49,customer49@example.com,123-456-7848
50,Customer_50,customer50@example.com,123-456-7849
